<?xml version="1.0" encoding="UTF-8"?>
<beans xmlns="http://www.springframework.org/schema/beans"
       xmlns:xsi="http://www.w3.org/2001/XMLSchema-instance"

       xsi:schemaLocation="http://www.springframework.org/schema/beans http://www.springframework.org/schema/beans/spring-beans-4.0.xsd
">
    <!-- scope prototype is required only for giving dynamic values -->
    
<!--  bean id="a1" class="Address" >
<constructor-arg value="Hyd" type="String" ></constructor-arg> 
<constructor-arg value="Telangana" type="String" ></constructor-arg> 
<constructor-arg value="India" type="String" ></constructor-arg> 
</bean -->

<bean id="e" class="Employee" scope="prototype"> 
<constructor-arg value="10"  type="int" ></constructor-arg>   
<constructor-arg value="abcd" type="String" ></constructor-arg> 
<property name="addrs">
<list>
<value>Addr1</value>
<value>Addr2</value>
<value>Addr3</value>
<value>Addr4</value>
</list>
</property>
</bean>
</beans>


